<?xml version="1.0" encoding="UTF-8"?>
<!DOCTYPE mapper PUBLIC "-//mybatis.org//DTD Mapper 3.0//EN" "http://mybatis.org/dtd/mybatis-3-mapper.dtd">
<mapper namespace="com.example.inews.mapper.CommentMapper">

    <!-- 通用查询映射结果 -->
    <resultMap id="BaseResultMap" type="com.example.inews.pojo.Comment">
        <id column="Id" property="Id" />
        <result column="u_id" property="uId" />
        <result column="n_id" property="nId" />
        <result column="c_content" property="cContent" />
        <result column="parent_comment_id" property="parentCommentId" />
        <result column="Create_time" property="createTime" />
    </resultMap>

    <!-- 通用查询结果列 -->
    <sql id="Base_Column_List">
        Id, u_id, n_id, c_content, parent_comment_id, Create_time
    </sql>

</mapper>
